id,name,gender,age,time,uf
1,Carl Matthews,Male,68,cruzeiro,MG
2,Adam Johnson,Male,28,cruzeiro,MG
3,Kimberly Mcdonald,Female,43,palmeiras,MG
4,Teresa Butler,Female,65,chapecoense,SC
5,Michelle Peters,Female,61,palmeiras,DF
6,Phyllis Burton,Female,10,cruzeiro,GO
7,Maria Ramos,Female,8,cruzeiro,DF
8,Marie George,Female,98,santos,GO
9,Timothy Thompson,Male,69,santos,MG
10,Walter Fuller,Male,36,chapecoense,MG
11,Pamela Elliott,Female,97,palmeiras,SC
12,Matthew Mccoy,Male,3,palmeiras,MG
13,Donna Clark,Female,44,chapecoense,GO
14,Debra Mcdonald,Female,44,chapecoense,MG
15,Katherine Ellis,Female,75,chapecoense,MG
16,Jeffrey Bowman,Male,13,cruzeiro,DF
17,Jessica Kelly,Female,53,cruzeiro,GO
18,Judy Griffin,Female,79,santos,SC
19,Rachel Grant,Female,48,chapecoense,GO
20,Christina Collins,Female,87,santos,MG
21,Norma Cooper,Female,43,chapecoense,SC
22,Benjamin Oliver,Male,23,chapecoense,SC
23,Jesse Lopez,Male,28,chapecoense,DF
24,Jane Anderson,Female,46,chapecoense,SC
25,Ernest Coleman,Male,74,chapecoense,SC
26,Jacqueline Rogers,Female,87,cruzeiro,SC
27,Frances Hall,Female,58,palmeiras,SC
28,Willie Day,Male,6,chapecoense,SC
29,Cheryl Willis,Female,66,chapecoense,DF
30,Kathryn Hernandez,Female,7,cruzeiro,DF
31,Martha Wilson,Female,94,cruzeiro,GO
32,Rose Henry,Female,45,palmeiras,GO
33,Arthur Martin,Male,67,santos,DF
34,Frances Bishop,Female,18,palmeiras,GO
35,Ryan Cruz,Male,82,palmeiras,SC
36,Donna Butler,Female,46,palmeiras,GO
37,Mildred Vasquez,Female,2,chapecoense,SC
38,Lois Kennedy,Female,54,palmeiras,GO
39,Amy Harrison,Female,93,chapecoense,GO
40,Laura Gonzalez,Female,88,palmeiras,SC
41,Ryan Tucker,Male,39,chapecoense,GO
42,Patrick Berry,Male,21,santos,DF
43,Ralph Flores,Male,4,palmeiras,SC
44,Nancy Arnold,Female,33,cruzeiro,SC
45,Craig Moore,Male,99,santos,GO
46,Michael Chavez,Male,57,palmeiras,SC
47,Elizabeth Boyd,Female,32,cruzeiro,SC
48,Gerald Peters,Male,41,chapecoense,DF
49,Helen Franklin,Female,24,santos,MG
50,Jessica Holmes,Female,40,palmeiras,SC
51,Philip Snyder,Male,65,palmeiras,SC
52,Antonio Bell,Male,52,palmeiras,DF
53,Janice Freeman,Female,63,cruzeiro,SC
54,Debra Larson,Female,61,santos,SC
55,Judith Jackson,Female,90,chapecoense,SC
56,Raymond Moore,Male,50,chapecoense,SC
57,Clarence Nelson,Male,97,santos,DF
58,Kenneth Austin,Male,44,palmeiras,GO
59,Maria Burns,Female,73,palmeiras,MG
60,Lois Hicks,Female,17,chapecoense,SC
61,Heather Austin,Female,40,cruzeiro,SC
62,Donna Bennett,Female,58,cruzeiro,MG
63,Ashley Austin,Female,66,santos,GO
64,Debra Perez,Female,76,cruzeiro,DF
65,Cheryl Brooks,Female,62,palmeiras,DF
66,Wanda Dunn,Female,99,cruzeiro,DF
67,Laura Burke,Female,100,santos,MG
68,Mark Austin,Male,37,chapecoense,GO
69,Bonnie Davis,Female,91,chapecoense,SC
70,Peter Stephens,Male,27,santos,SC
71,Virginia Campbell,Female,89,palmeiras,DF
72,Amanda Flores,Female,65,santos,MG
73,Rose Ellis,Female,39,santos,MG
74,Teresa Powell,Female,56,chapecoense,DF
75,Judy Morris,Female,76,palmeiras,MG
76,Albert Cox,Male,100,santos,MG
77,Scott Boyd,Male,79,cruzeiro,DF
78,Angela Flores,Female,12,chapecoense,MG
79,Samuel James,Male,91,chapecoense,GO
80,Denise Murphy,Female,13,santos,DF
81,Nancy Grant,Female,11,palmeiras,SC
82,Ashley Mason,Female,16,santos,GO
83,Harold Thompson,Male,96,cruzeiro,SC
84,Sarah Harvey,Female,16,palmeiras,MG
85,Amy Hunter,Female,25,chapecoense,DF
86,Adam Day,Male,59,cruzeiro,SC
87,Laura Alvarez,Female,75,santos,GO
88,Judith Rogers,Female,85,cruzeiro,SC
89,Billy Hanson,Male,20,chapecoense,SC
90,Scott Reyes,Male,90,chapecoense,MG
91,Craig Evans,Male,50,palmeiras,SC
92,Brandon Kennedy,Male,40,cruzeiro,MG
93,Jennifer Palmer,Female,29,cruzeiro,DF
94,Howard Dean,Male,69,cruzeiro,SC
95,Benjamin Bailey,Male,70,cruzeiro,MG
96,Jimmy Wheeler,Male,48,palmeiras,GO
97,Mildred Flores,Female,22,palmeiras,GO
98,Anthony Hansen,Male,21,palmeiras,SC
99,Julia West,Female,100,palmeiras,DF
100,Gloria Bishop,Female,68,cruzeiro,DF
101,Wayne Diaz,Male,50,palmeiras,MG
102,Stephanie Stevens,Female,84,chapecoense,GO
103,Annie Black,Female,35,santos,GO
104,Kenneth Burns,Male,44,cruzeiro,MG
105,Scott Howard,Male,77,santos,GO
106,Margaret Kim,Female,90,cruzeiro,SC
107,Martha Jordan,Female,33,chapecoense,MG
108,Stephanie Thompson,Female,83,cruzeiro,MG
109,George Stevens,Male,92,chapecoense,DF
110,Bonnie Moore,Female,81,cruzeiro,SC
111,Gary Taylor,Male,83,santos,SC
112,Karen Henry,Female,51,cruzeiro,DF
113,Cheryl Webb,Female,90,palmeiras,GO
114,Katherine Robertson,Female,60,cruzeiro,DF
115,Louis Mason,Male,33,santos,GO
116,Adam Chapman,Male,80,chapecoense,SC
117,Thomas Martin,Male,85,palmeiras,SC
118,Gary Jones,Male,25,chapecoense,MG
119,Laura Washington,Female,61,chapecoense,SC
120,Todd Ramirez,Male,70,santos,MG
121,Jacqueline Day,Female,15,santos,MG
122,Jane Bradley,Female,2,palmeiras,DF
123,Jeffrey Lee,Male,85,chapecoense,DF
124,Joshua Richardson,Male,4,santos,MG
125,Scott Jenkins,Male,63,cruzeiro,SC
126,Kelly Gilbert,Female,97,cruzeiro,DF
127,Jeremy Campbell,Male,55,palmeiras,MG
128,Joshua Boyd,Male,64,palmeiras,MG
129,Lori Jackson,Female,14,palmeiras,DF
130,Roy Gutierrez,Male,30,palmeiras,SC
131,Harry Fields,Male,70,santos,SC
132,Beverly Howell,Female,64,chapecoense,SC
133,Aaron Black,Male,80,cruzeiro,GO
134,Carlos Cunningham,Male,22,chapecoense,DF
135,Howard Gardner,Male,12,cruzeiro,GO
136,Irene Hunter,Female,91,palmeiras,MG
137,Jeremy Griffin,Male,34,palmeiras,GO
138,Diane Rodriguez,Female,53,palmeiras,SC
139,Steven Torres,Male,63,palmeiras,SC
140,Lois Griffin,Female,42,chapecoense,SC
141,Walter Webb,Male,10,santos,MG
142,Benjamin Arnold,Male,64,palmeiras,GO
143,Juan Welch,Male,97,palmeiras,SC
144,William Reid,Male,96,palmeiras,GO
145,Cheryl Gibson,Female,29,palmeiras,SC
146,Sharon Johnston,Female,89,cruzeiro,GO
147,Ruth Reynolds,Female,50,palmeiras,MG
148,Marie Gilbert,Female,89,chapecoense,DF
149,Juan Austin,Male,71,chapecoense,MG
150,Andrew Perry,Male,22,cruzeiro,GO
151,Angela Ray,Female,54,cruzeiro,MG
152,Robin Gutierrez,Female,59,chapecoense,MG
153,Evelyn Nichols,Female,40,santos,SC
154,Annie Garcia,Female,96,santos,MG
155,Richard Barnes,Male,40,santos,DF
156,Timothy Reid,Male,19,palmeiras,SC
157,Amy Matthews,Female,87,cruzeiro,GO
158,Samuel Henry,Male,94,cruzeiro,GO
159,Louise Rogers,Female,45,cruzeiro,MG
160,Kathleen Powell,Female,87,cruzeiro,SC
161,Jason Ortiz,Male,1,santos,SC
162,Gerald Peters,Male,78,cruzeiro,DF
163,Rebecca Parker,Female,98,cruzeiro,MG
164,Susan Burton,Female,79,chapecoense,SC
165,Jeffrey Fernandez,Male,82,palmeiras,SC
166,Gary Coleman,Male,19,chapecoense,MG
167,Jeremy Stewart,Male,50,palmeiras,SC
168,Alan Tucker,Male,48,palmeiras,SC
169,Judith Alvarez,Female,52,santos,GO
170,Louis George,Male,80,santos,DF
171,Harold Ward,Male,6,palmeiras,GO
172,Bonnie Bennett,Female,72,santos,MG
173,Julie Welch,Female,18,chapecoense,DF
174,Ruby Adams,Female,17,santos,DF
175,Marilyn Evans,Female,9,palmeiras,MG
176,Nancy Gonzalez,Female,3,palmeiras,MG
177,Deborah Harvey,Female,29,santos,GO
178,Alice Rose,Female,15,cruzeiro,GO
179,Ronald George,Male,2,palmeiras,DF
180,Marilyn Reyes,Female,57,chapecoense,SC
181,Dorothy Gardner,Female,9,chapecoense,SC
182,Joe Cole,Male,49,cruzeiro,DF
183,Fred Sanders,Male,66,cruzeiro,DF
184,Alice Taylor,Female,11,palmeiras,MG
185,Jennifer Dunn,Female,70,palmeiras,GO
186,Brian Marshall,Male,53,cruzeiro,GO
187,Emily Lynch,Female,97,santos,MG
188,Clarence Young,Male,88,cruzeiro,GO
189,Mark Shaw,Male,81,santos,MG
190,Cynthia Gonzales,Female,95,palmeiras,SC
191,Ralph Tucker,Male,47,palmeiras,GO
192,Norma Roberts,Female,61,cruzeiro,SC
193,Lisa Ryan,Female,12,cruzeiro,SC
194,Willie Carroll,Male,85,palmeiras,GO
195,Ruby Green,Female,13,santos,GO
196,Pamela Parker,Female,18,chapecoense,DF
197,Gloria Mcdonald,Female,6,chapecoense,GO
198,Robin Porter,Female,2,santos,DF
199,Stephanie Evans,Female,59,chapecoense,GO
200,Rebecca Richardson,Female,15,santos,DF
201,Tina Mendoza,Female,71,palmeiras,SC
202,William Lawson,Male,29,palmeiras,DF
203,Debra Green,Female,28,cruzeiro,MG
204,Bonnie Ryan,Female,54,palmeiras,SC
205,Carolyn Banks,Female,23,santos,SC
206,Donna Cruz,Female,17,cruzeiro,DF
207,Rachel Cox,Female,14,palmeiras,SC
208,Karen Austin,Female,48,palmeiras,SC
209,Stephen Harris,Male,34,santos,DF
210,Alan Nelson,Male,85,chapecoense,MG
211,Keith Cruz,Male,65,cruzeiro,DF
212,Patrick Morrison,Male,79,chapecoense,SC
213,Judy Lynch,Female,20,chapecoense,SC
214,Ronald Richardson,Male,42,cruzeiro,DF
215,Amy Edwards,Female,48,palmeiras,GO
216,Joan Porter,Female,59,chapecoense,MG
217,Katherine Torres,Female,19,palmeiras,MG
218,Susan Boyd,Female,49,cruzeiro,GO
219,Lillian Ruiz,Female,10,palmeiras,MG
220,Paula King,Female,93,palmeiras,GO
221,Gloria Cole,Female,13,cruzeiro,DF
222,Evelyn Fuller,Female,42,chapecoense,SC
223,Robert Welch,Male,57,cruzeiro,MG
224,Mark Berry,Male,96,chapecoense,GO
225,Sean Stevens,Male,81,cruzeiro,DF
226,Annie Wilson,Female,69,santos,MG
227,Rebecca Kelly,Female,28,palmeiras,GO
228,Ryan Moreno,Male,74,chapecoense,GO
229,Carolyn Matthews,Female,21,chapecoense,DF
230,Walter Myers,Male,88,chapecoense,DF
231,Fred Allen,Male,9,santos,SC
232,Marilyn Johnston,Female,95,chapecoense,DF
233,Bruce Ellis,Male,31,palmeiras,DF
234,Sean Ramirez,Male,1,chapecoense,MG
235,Pamela Elliott,Female,70,cruzeiro,GO
236,James Williams,Male,26,cruzeiro,GO
237,Alan Weaver,Male,56,santos,SC
238,Jessica Jenkins,Female,68,cruzeiro,DF
239,John Stewart,Male,99,cruzeiro,SC
240,Brenda Gordon,Female,78,palmeiras,MG
241,Nancy Dixon,Female,47,cruzeiro,DF
242,Frances Ford,Female,1,santos,GO
243,Lawrence Hall,Male,32,santos,DF
244,Beverly Peterson,Female,67,cruzeiro,DF
245,Todd Andrews,Male,29,palmeiras,GO
246,Clarence Gardner,Male,99,chapecoense,DF
247,Joe Austin,Male,17,palmeiras,SC
248,Thomas Baker,Male,56,chapecoense,GO
249,Wayne Watson,Male,60,palmeiras,DF
250,Sarah Rivera,Female,60,cruzeiro,SC
251,Jonathan Bennett,Male,62,palmeiras,DF
252,Gary Bradley,Male,42,santos,DF
253,Kevin Sanders,Male,37,palmeiras,SC
254,Pamela Allen,Female,42,santos,SC
255,Christina Garrett,Female,27,santos,SC
256,Ashley Rogers,Female,79,palmeiras,DF
257,David Tucker,Male,81,palmeiras,SC
258,Bruce Evans,Male,44,palmeiras,MG
259,Adam Ryan,Male,55,chapecoense,SC
260,Lawrence Long,Male,65,chapecoense,MG
261,Kevin Castillo,Male,44,santos,MG
262,Laura Willis,Female,88,cruzeiro,DF
263,Jerry Price,Male,17,chapecoense,DF
264,Clarence Young,Male,40,chapecoense,GO
265,Kathy Griffin,Female,100,chapecoense,SC
266,Timothy Ward,Male,62,chapecoense,SC
267,Douglas Barnes,Male,25,chapecoense,DF
268,Clarence Hunter,Male,73,palmeiras,SC
269,Martin Bryant,Male,11,santos,DF
270,Mary Ryan,Female,43,cruzeiro,DF
271,Anthony Williamson,Male,24,chapecoense,MG
272,Kathy Wallace,Female,54,palmeiras,SC
273,Betty Hill,Female,25,chapecoense,GO
274,Pamela Mendoza,Female,60,chapecoense,SC
275,Joseph Watson,Male,82,palmeiras,GO
276,Shawn Garrett,Male,89,palmeiras,MG
277,Antonio Barnes,Male,15,palmeiras,SC
278,Cheryl White,Female,67,palmeiras,MG
279,Debra Lane,Female,4,chapecoense,DF
280,Katherine Johnson,Female,33,palmeiras,SC
281,Juan Ford,Male,96,palmeiras,GO
282,Jack Bell,Male,28,palmeiras,DF
283,Terry Webb,Male,9,palmeiras,DF
284,Lori Burns,Female,22,chapecoense,MG
285,Theresa Ramos,Female,10,santos,GO
286,Annie Patterson,Female,11,santos,DF
287,Carlos Garcia,Male,26,palmeiras,MG
288,Justin Hawkins,Male,34,palmeiras,SC
289,Ralph Nichols,Male,17,santos,SC
290,Craig Kim,Male,38,palmeiras,DF
291,Ruth Mcdonald,Female,61,palmeiras,DF
292,Jose Price,Male,10,chapecoense,DF
293,Lawrence Long,Male,4,chapecoense,DF
294,Ann Lee,Female,77,cruzeiro,DF
295,Deborah Patterson,Female,50,palmeiras,MG
296,Shawn Mitchell,Male,17,chapecoense,SC
297,Howard Stanley,Male,55,cruzeiro,DF
298,Donald Miller,Male,42,palmeiras,SC
299,Kathryn Larson,Female,38,santos,SC
300,Jessica Peterson,Female,10,santos,DF
301,James Johnson,Male,84,palmeiras,GO
302,Albert Nguyen,Male,75,cruzeiro,SC
303,Phillip Hicks,Male,15,cruzeiro,GO
304,Jose Thompson,Male,49,chapecoense,MG
305,Jessica Butler,Female,84,palmeiras,MG
306,Carlos Alexander,Male,34,palmeiras,DF
307,Judith Stone,Female,92,chapecoense,DF
308,Roger Olson,Male,56,chapecoense,GO
309,Alan Ruiz,Male,13,cruzeiro,GO
310,Patricia Matthews,Female,53,palmeiras,DF
311,Chris Foster,Male,96,palmeiras,DF
312,Paul Ford,Male,84,chapecoense,DF
313,Wayne Nguyen,Male,98,chapecoense,MG
314,Eric Ferguson,Male,45,palmeiras,SC
315,Harold Hudson,Male,35,cruzeiro,MG
316,Thomas Myers,Male,51,chapecoense,DF
317,Martin Watkins,Male,10,santos,SC
318,Eric Ross,Male,73,chapecoense,SC
319,Diane Davis,Female,5,chapecoense,GO
320,Emily Dean,Female,69,palmeiras,DF
321,Joan Harrison,Female,9,santos,DF
322,Jessica Rodriguez,Female,12,santos,MG
323,Kevin Hunt,Male,21,chapecoense,SC
324,Deborah Washington,Female,29,cruzeiro,MG
325,Teresa Anderson,Female,17,cruzeiro,SC
326,Mark Henry,Male,75,santos,SC
327,Shawn Jones,Male,66,santos,GO
328,Steve Patterson,Male,16,santos,DF
329,Frances Pierce,Female,62,palmeiras,SC
330,Earl Taylor,Male,12,santos,GO
331,Roger Ruiz,Male,87,santos,DF
332,Jeffrey Burton,Male,91,chapecoense,MG
333,Susan Hall,Female,93,palmeiras,DF
334,Deborah Patterson,Female,73,santos,MG
335,Alice Kelly,Female,97,chapecoense,MG
336,Howard Peterson,Male,64,cruzeiro,SC
337,Janet Anderson,Female,97,chapecoense,MG
338,Jeffrey Harvey,Male,43,cruzeiro,MG
339,Emily Frazier,Female,54,santos,MG
340,Sara Martinez,Female,68,palmeiras,GO
341,Laura Hill,Female,5,cruzeiro,GO
342,Christopher Lewis,Male,47,cruzeiro,DF
343,Mary Duncan,Female,14,chapecoense,SC
344,Doris Johnson,Female,90,chapecoense,GO
345,Christina Romero,Female,40,palmeiras,SC
346,Albert Reid,Male,86,palmeiras,GO
347,Wayne Greene,Male,60,chapecoense,MG
348,Shawn Gibson,Male,47,chapecoense,MG
349,Edward Young,Male,92,palmeiras,GO
350,Emily Duncan,Female,73,cruzeiro,DF
351,Lori Collins,Female,64,chapecoense,MG
352,Scott Gonzalez,Male,76,cruzeiro,GO
353,Debra Ross,Female,92,chapecoense,GO
354,Michael Thompson,Male,58,santos,DF
355,Donald Kelly,Male,31,chapecoense,DF
356,Emily Mills,Female,16,santos,DF
357,Phyllis Davis,Female,95,santos,GO
358,Eric Wood,Male,42,santos,DF
359,Brenda Cole,Female,92,cruzeiro,SC
360,Brandon Ramos,Male,3,chapecoense,DF
361,Craig Hernandez,Male,29,santos,GO
362,Justin Garza,Male,93,cruzeiro,MG
363,Craig Hawkins,Male,15,chapecoense,MG
364,Kelly Kelly,Female,75,cruzeiro,GO
365,Joe Harvey,Male,52,palmeiras,SC
366,Amy Moore,Female,10,santos,GO
367,Christopher Davis,Male,38,cruzeiro,DF
368,Jerry Fernandez,Male,57,palmeiras,MG
369,Ruby Reid,Female,25,cruzeiro,DF
370,Catherine Andrews,Female,20,cruzeiro,MG
371,Judy Wilson,Female,50,cruzeiro,DF
372,Willie Gray,Male,26,santos,MG
373,Linda Hanson,Female,17,palmeiras,SC
374,Billy Hill,Male,88,cruzeiro,DF
375,Christine Mitchell,Female,74,cruzeiro,DF
376,Wayne Oliver,Male,6,cruzeiro,SC
377,Eric Stephens,Male,51,chapecoense,DF
378,Jose Jones,Male,3,palmeiras,SC
379,Christine Burke,Female,4,cruzeiro,MG
380,Gerald Moore,Male,76,santos,SC
381,Todd Carter,Male,15,chapecoense,SC
382,Julia Holmes,Female,4,chapecoense,DF
383,Melissa Martinez,Female,59,palmeiras,DF
384,Marie Gutierrez,Female,19,palmeiras,MG
385,Samuel Rose,Male,7,santos,DF
386,Joseph Pierce,Male,58,santos,GO
387,Earl Jacobs,Male,9,chapecoense,MG
388,Dorothy Barnes,Female,65,chapecoense,DF
389,Carl Harper,Male,73,cruzeiro,GO
390,Samuel Payne,Male,5,chapecoense,DF
391,Albert Washington,Male,45,chapecoense,SC
392,Kelly Olson,Female,24,palmeiras,GO
393,Shawn Phillips,Male,14,palmeiras,SC
394,Jane Scott,Female,69,chapecoense,DF
395,Sean Lewis,Male,28,chapecoense,DF
396,Emily Greene,Female,58,santos,GO
397,Keith Crawford,Male,14,cruzeiro,MG
398,Amanda Lewis,Female,53,chapecoense,SC
399,Janice Ford,Female,18,cruzeiro,DF
400,Edward Stephens,Male,80,santos,GO
401,Janice Holmes,Female,12,chapecoense,DF
402,Sara Washington,Female,78,santos,GO
403,Sara Riley,Female,62,cruzeiro,GO
404,Janet Wheeler,Female,85,santos,GO
405,Jessica Evans,Female,94,cruzeiro,DF
406,Billy Lawrence,Male,58,chapecoense,MG
407,Ernest Sanchez,Male,69,santos,DF
408,Jeffrey Hudson,Male,2,palmeiras,DF
409,George Willis,Male,28,cruzeiro,SC
410,Joseph Jackson,Male,83,cruzeiro,DF
411,William Graham,Male,35,palmeiras,DF
412,Deborah Cole,Female,5,santos,GO
413,Joseph James,Male,63,cruzeiro,MG
414,Kelly Snyder,Female,37,cruzeiro,GO
415,Ernest Larson,Male,86,cruzeiro,DF
416,Theresa Burns,Female,63,santos,SC
417,Timothy White,Male,23,palmeiras,DF
418,Justin Gutierrez,Male,27,cruzeiro,MG
419,Diana Sullivan,Female,32,palmeiras,SC
420,Ashley Wright,Female,80,cruzeiro,DF
421,Donald Ward,Male,100,palmeiras,SC
422,Jessica Chapman,Female,18,chapecoense,GO
423,Billy Harris,Male,5,santos,GO
424,Ryan Mason,Male,31,chapecoense,GO
425,Billy Baker,Male,62,palmeiras,DF
426,Roger Peters,Male,31,palmeiras,GO
427,Gregory Ryan,Male,12,chapecoense,SC
428,Larry Spencer,Male,67,chapecoense,MG
429,Larry Bailey,Male,77,cruzeiro,GO
430,Fred Alexander,Male,60,santos,DF
431,Janet Evans,Female,4,santos,GO
432,Nicholas Jenkins,Male,67,chapecoense,MG
433,Matthew Bradley,Male,81,cruzeiro,SC
434,Robert Black,Male,67,cruzeiro,SC
435,William Stephens,Male,9,santos,GO
436,Elizabeth Payne,Female,69,santos,DF
437,Sarah Rodriguez,Female,48,palmeiras,GO
438,Stephanie Sims,Female,98,santos,GO
439,Carl Perkins,Male,1,santos,MG
440,Brandon Fox,Male,55,chapecoense,GO
441,Randy Nelson,Male,24,cruzeiro,GO
442,Rose Brown,Female,24,cruzeiro,MG
443,William Myers,Male,6,cruzeiro,SC
444,Sara Johnson,Female,31,santos,MG
445,Randy Morgan,Male,58,palmeiras,GO
446,Eugene Reyes,Male,90,santos,SC
447,Lori Fields,Female,23,chapecoense,DF
448,Donald Garza,Male,28,cruzeiro,GO
449,Louis Mcdonald,Male,11,palmeiras,SC
450,Alice Bishop,Female,7,chapecoense,MG
451,Fred Lawson,Male,93,cruzeiro,GO
452,Donald Baker,Male,20,chapecoense,MG
453,Joshua West,Male,64,cruzeiro,MG
454,Nicholas Cruz,Male,91,cruzeiro,DF
455,Melissa Jordan,Female,8,cruzeiro,DF
456,Julia Meyer,Female,8,santos,MG
457,Theresa James,Female,65,chapecoense,MG
458,Craig Hughes,Male,49,chapecoense,MG
459,Scott Reed,Male,31,cruzeiro,SC
460,Justin Dunn,Male,72,palmeiras,DF
461,Judith Washington,Female,79,chapecoense,DF
462,Randy Mitchell,Male,14,cruzeiro,GO
463,Steve Wallace,Male,25,santos,GO
464,Carol Willis,Female,41,santos,MG
465,Christina Cox,Female,2,chapecoense,MG
466,Carolyn Austin,Female,33,chapecoense,MG
467,Margaret Larson,Female,8,palmeiras,GO
468,Kimberly Sims,Female,16,santos,MG
469,Henry Ramirez,Male,62,palmeiras,GO
470,Jerry Little,Male,84,cruzeiro,GO
471,Rose Hill,Female,13,palmeiras,SC
472,Arthur Cruz,Male,31,palmeiras,DF
473,Ashley Gardner,Female,85,chapecoense,MG
474,Lois Butler,Female,50,cruzeiro,GO
475,Wanda Rivera,Female,82,cruzeiro,GO
476,David Patterson,Male,55,chapecoense,GO
477,Jonathan Washington,Male,6,cruzeiro,GO
478,Debra Long,Female,25,santos,MG
479,Jason Ray,Male,51,cruzeiro,DF
480,Cheryl Sims,Female,9,palmeiras,GO
481,Ruby Ramos,Female,96,palmeiras,MG
482,Wayne Cole,Male,50,palmeiras,GO
483,Janet Sims,Female,25,cruzeiro,GO
484,Rachel Stewart,Female,37,cruzeiro,SC
485,Helen Foster,Female,76,santos,MG
486,Jason Lawrence,Male,6,cruzeiro,MG
487,Judith Spencer,Female,99,cruzeiro,MG
488,Dorothy Wright,Female,7,chapecoense,DF
489,Norma Owens,Female,9,chapecoense,SC
490,Jean Rose,Female,58,cruzeiro,GO
491,Anne Myers,Female,92,palmeiras,SC
492,Christopher Sims,Male,80,cruzeiro,GO
493,Karen Burton,Female,69,cruzeiro,MG
494,Jennifer Hunter,Female,1,palmeiras,GO
495,Lori Sullivan,Female,24,cruzeiro,DF
496,Bobby Hernandez,Male,32,cruzeiro,DF
497,Joshua Hicks,Male,81,cruzeiro,GO
498,Jessica Lopez,Female,29,santos,SC
499,Judy Tucker,Female,12,cruzeiro,MG
500,Scott James,Male,19,chapecoense,MG
501,Julia Ramos,Female,37,santos,GO
502,Shawn Bryant,Male,30,palmeiras,MG
503,Andrew Spencer,Male,36,palmeiras,GO
504,Joyce Olson,Female,100,santos,MG
505,Catherine Coleman,Female,40,santos,GO
506,William Lopez,Male,84,santos,GO
507,Clarence Henderson,Male,81,palmeiras,DF
508,Amanda Elliott,Female,38,palmeiras,MG
509,Paula Woods,Female,86,cruzeiro,MG
510,Rose Torres,Female,54,santos,GO
511,Bonnie Garrett,Female,34,palmeiras,DF
512,Evelyn Martin,Female,89,cruzeiro,DF
513,Kevin Clark,Male,40,palmeiras,GO
514,Phillip Sims,Male,37,santos,SC
515,Juan Peters,Male,50,palmeiras,MG
516,Sean Riley,Male,19,chapecoense,GO
517,Diane Meyer,Female,5,palmeiras,GO
518,Bruce Jones,Male,64,santos,GO
519,Michael Berry,Male,70,santos,MG
520,Ruth Harris,Female,8,palmeiras,DF
521,Christine Graham,Female,57,santos,DF
522,Kelly King,Female,77,chapecoense,GO
523,John King,Male,3,palmeiras,MG
524,Henry Gray,Male,77,chapecoense,SC
525,Justin Hansen,Male,62,cruzeiro,MG
526,William Hughes,Male,1,chapecoense,SC
527,Susan Roberts,Female,65,santos,MG
528,Scott Gibson,Male,20,santos,DF
529,Ralph Hawkins,Male,80,cruzeiro,GO
530,Marilyn Ross,Female,19,palmeiras,MG
531,Julia Miller,Female,89,chapecoense,DF
532,Cynthia Edwards,Female,59,palmeiras,MG
533,Norma Spencer,Female,70,chapecoense,SC
534,Brandon Robertson,Male,18,cruzeiro,SC
535,Angela Hernandez,Female,12,palmeiras,DF
536,Laura Olson,Female,31,chapecoense,DF
537,Jerry Campbell,Male,1,santos,SC
538,Stephanie Henderson,Female,4,cruzeiro,DF
539,Anna Mitchell,Female,66,cruzeiro,SC
540,Nicholas Warren,Male,83,palmeiras,MG
541,Joan Brooks,Female,14,santos,GO
542,Ernest Meyer,Male,66,chapecoense,MG
543,Martha Watson,Female,70,santos,GO
544,Lillian Howell,Female,32,palmeiras,SC
545,Diane Hernandez,Female,28,santos,SC
546,Ronald Mills,Male,56,chapecoense,GO
547,Deborah Montgomery,Female,49,chapecoense,GO
548,Beverly Richardson,Female,31,chapecoense,GO
549,Rose Lane,Female,77,palmeiras,SC
550,Craig Gonzales,Male,14,cruzeiro,SC
551,Jacqueline Clark,Female,63,palmeiras,MG
552,Thomas Burke,Male,32,chapecoense,GO
553,Jesse Morris,Male,14,cruzeiro,MG
554,Charles Gutierrez,Male,2,chapecoense,GO
555,Diana Lawson,Female,52,cruzeiro,GO
556,Maria Mcdonald,Female,41,cruzeiro,DF
557,Marie Johnson,Female,94,palmeiras,DF
558,Diane Gibson,Female,96,chapecoense,GO
559,Karen Mitchell,Female,20,cruzeiro,SC
560,Marilyn Henderson,Female,71,santos,SC
561,Arthur Carter,Male,31,palmeiras,DF
562,Annie Watson,Female,33,palmeiras,GO
563,Annie Reid,Female,16,chapecoense,GO
564,Kevin Gordon,Male,30,palmeiras,SC
565,Robin Duncan,Female,88,palmeiras,MG
566,Barbara Jordan,Female,30,palmeiras,DF
567,Anne Meyer,Female,39,cruzeiro,DF
568,Albert Carr,Male,16,santos,DF
569,Barbara Kelley,Female,80,santos,GO
570,Gerald Edwards,Male,24,chapecoense,DF
571,Juan Gray,Male,3,chapecoense,MG
572,Daniel Morgan,Male,48,cruzeiro,GO
573,Margaret Howard,Female,58,santos,GO
574,Philip Bryant,Male,62,chapecoense,GO
575,Cynthia Hamilton,Female,37,chapecoense,MG
576,Betty Bell,Female,40,santos,SC
577,Barbara Morgan,Female,45,palmeiras,SC
578,Larry Dunn,Male,8,palmeiras,SC
579,Christopher Stone,Male,7,chapecoense,SC
580,William Anderson,Male,60,palmeiras,SC
581,Joshua Murphy,Male,20,cruzeiro,SC
582,Eugene Willis,Male,20,cruzeiro,SC
583,Ernest Little,Male,91,cruzeiro,GO
584,Christina Alexander,Female,68,palmeiras,DF
585,Linda Warren,Female,65,santos,SC
586,Joyce Price,Female,48,cruzeiro,GO
587,Jean Frazier,Female,15,cruzeiro,DF
588,Angela Coleman,Female,61,palmeiras,SC
589,Tammy Holmes,Female,62,palmeiras,MG
590,Brenda Russell,Female,28,santos,SC
591,Sandra Smith,Female,70,chapecoense,MG
592,Susan Cunningham,Female,67,palmeiras,DF
593,Christina Carter,Female,17,palmeiras,MG
594,Martin Kelley,Male,2,cruzeiro,DF
595,Timothy Hanson,Male,94,santos,DF
596,Peter Hughes,Male,91,chapecoense,MG
597,Catherine Owens,Female,67,santos,SC
598,Jack Hudson,Male,48,palmeiras,SC
599,Charles Romero,Male,49,palmeiras,SC
600,Stephen Coleman,Male,60,santos,DF
601,Jeffrey Simmons,Male,44,palmeiras,DF
602,Melissa Lawrence,Female,28,cruzeiro,DF
603,Carl Gray,Male,11,santos,SC
604,Ashley Fuller,Female,33,palmeiras,SC
605,Kelly Mcdonald,Female,63,cruzeiro,SC
606,Christopher Garza,Male,19,cruzeiro,GO
607,Lawrence Austin,Male,21,chapecoense,GO
608,Kimberly Palmer,Female,62,santos,DF
609,Joe Allen,Male,25,cruzeiro,GO
610,Kimberly Stephens,Female,50,santos,GO
611,Judy Reid,Female,49,santos,MG
612,Michelle Elliott,Female,21,cruzeiro,GO
613,Sandra Martinez,Female,36,palmeiras,SC
614,Jonathan Freeman,Male,1,cruzeiro,MG
615,Brenda Jordan,Female,31,palmeiras,MG
616,Jennifer Reyes,Female,33,cruzeiro,GO
617,Tina Smith,Female,48,santos,GO
618,Cynthia Reynolds,Female,23,palmeiras,SC
619,Walter Stevens,Male,93,chapecoense,GO
620,Jesse Crawford,Male,81,santos,DF
621,Brandon James,Male,48,palmeiras,SC
622,Fred George,Male,8,santos,DF
623,James Torres,Male,30,cruzeiro,GO
624,David Frazier,Male,67,palmeiras,SC
625,Louis Cooper,Male,14,santos,MG
626,Nicholas Rogers,Male,57,cruzeiro,DF
627,Billy Hicks,Male,67,chapecoense,DF
628,Frances Smith,Female,12,santos,MG
629,Richard Mcdonald,Male,12,santos,GO
630,Jane Mccoy,Female,8,palmeiras,DF
631,Margaret Hicks,Female,9,chapecoense,GO
632,Juan Flores,Male,89,chapecoense,MG
633,Jose Webb,Male,59,chapecoense,SC
634,Kathy Fisher,Female,91,santos,SC
635,Edward Grant,Male,87,cruzeiro,SC
636,Mary Bowman,Female,89,cruzeiro,MG
637,Jeffrey Gomez,Male,29,palmeiras,DF
638,Ruth Carpenter,Female,45,palmeiras,SC
639,Timothy Alvarez,Male,95,chapecoense,SC
640,Jack Wheeler,Male,50,chapecoense,SC
641,Emily Butler,Female,32,cruzeiro,MG
642,Dennis Perez,Male,36,santos,SC
643,Stephanie Freeman,Female,42,cruzeiro,MG
644,Howard Welch,Male,11,santos,SC
645,Peter Martin,Male,97,santos,DF
646,Catherine Wilson,Female,63,palmeiras,MG
647,Debra Wells,Female,16,santos,DF
648,Benjamin Gilbert,Male,67,palmeiras,GO
649,Christopher Harris,Male,2,palmeiras,GO
650,Sarah Richards,Female,2,cruzeiro,SC
651,Andrew Ross,Male,14,palmeiras,DF
652,Kimberly Spencer,Female,8,cruzeiro,DF
653,Earl Foster,Male,98,palmeiras,GO
654,Timothy Green,Male,8,cruzeiro,DF
655,Annie Robinson,Female,51,chapecoense,SC
656,Jack Ferguson,Male,94,santos,SC
657,Amy Martin,Female,82,chapecoense,GO
658,Joyce Gordon,Female,32,palmeiras,SC
659,Ashley Thomas,Female,28,chapecoense,GO
660,Rebecca Spencer,Female,18,chapecoense,MG
661,Peter Black,Male,100,palmeiras,GO
662,Kelly Gonzales,Female,91,santos,GO
663,Robert Flores,Male,49,cruzeiro,SC
664,Andrew Bowman,Male,59,santos,GO
665,Christine Myers,Female,12,santos,SC
666,Virginia Jacobs,Female,26,palmeiras,SC
667,Frances Kim,Female,84,santos,SC
668,Willie Gomez,Male,57,palmeiras,DF
669,Paula Brown,Female,35,chapecoense,DF
670,Patrick Wells,Male,61,chapecoense,MG
671,Kevin Arnold,Male,72,cruzeiro,GO
672,Paul Stevens,Male,37,cruzeiro,DF
673,Patricia Richards,Female,67,cruzeiro,MG
674,Roger Dunn,Male,60,santos,GO
675,Rachel Fernandez,Female,33,cruzeiro,SC
676,Brian Stephens,Male,51,chapecoense,GO
677,Beverly Cunningham,Female,69,palmeiras,GO
678,Sara Powell,Female,89,santos,GO
679,Melissa Dunn,Female,15,santos,GO
680,Annie Gonzalez,Female,76,chapecoense,GO
681,Mark Stewart,Male,52,santos,SC
682,Jean Mendoza,Female,94,palmeiras,GO
683,Judy James,Female,18,chapecoense,SC
684,Roy Washington,Male,93,cruzeiro,DF
685,Johnny Burton,Male,25,cruzeiro,GO
686,Brenda Green,Female,39,chapecoense,DF
687,Alice Pierce,Female,71,chapecoense,GO
688,Dennis Thomas,Male,99,cruzeiro,SC
689,Margaret Watkins,Female,15,chapecoense,SC
690,Ann Willis,Female,49,santos,SC
691,Paul Welch,Male,87,chapecoense,MG
692,Jason Gutierrez,Male,16,chapecoense,DF
693,Julie Nguyen,Female,27,chapecoense,GO
694,Walter Armstrong,Male,2,santos,SC
695,Judy Kim,Female,90,palmeiras,MG
696,Albert Wheeler,Male,94,cruzeiro,MG
697,Daniel Frazier,Male,42,palmeiras,SC
698,Heather Rodriguez,Female,36,santos,SC
699,Eugene Willis,Male,67,palmeiras,SC
700,Janice Wagner,Female,98,chapecoense,DF
701,Diana Williamson,Female,94,cruzeiro,GO
702,Clarence Palmer,Male,87,palmeiras,DF
703,Michelle Campbell,Female,56,palmeiras,GO
704,Jacqueline James,Female,100,chapecoense,GO
705,Patrick Franklin,Male,13,palmeiras,MG
706,Shawn Walker,Male,100,palmeiras,GO
707,Jessica Coleman,Female,35,chapecoense,SC
708,Katherine Garza,Female,52,chapecoense,GO
709,Nicole Wallace,Female,38,santos,MG
710,Theresa Robinson,Female,6,palmeiras,GO
711,Patrick Simmons,Male,31,chapecoense,MG
712,Harry Murphy,Male,55,santos,MG
713,Larry Ellis,Male,45,santos,GO
714,Eugene Alvarez,Male,17,santos,SC
715,Bonnie Gutierrez,Female,44,chapecoense,DF
716,Justin Simmons,Male,30,cruzeiro,MG
717,Benjamin Perez,Male,2,santos,SC
718,Jerry Day,Male,16,cruzeiro,GO
719,Todd Fields,Male,58,palmeiras,GO
720,Ruby Reynolds,Female,22,palmeiras,GO
721,Joseph Howard,Male,27,palmeiras,SC
722,Patrick Medina,Male,93,palmeiras,MG
723,Louise Ortiz,Female,81,chapecoense,SC
724,Elizabeth Frazier,Female,41,chapecoense,SC
725,Bobby Martinez,Male,56,santos,DF
726,Janice Nguyen,Female,16,chapecoense,DF
727,Heather Fowler,Female,33,cruzeiro,SC
728,Richard Bailey,Male,100,cruzeiro,DF
729,Richard Gilbert,Male,80,chapecoense,SC
730,Timothy Cruz,Male,66,chapecoense,SC
731,Judy Murray,Female,95,santos,MG
732,Jesse Gutierrez,Male,87,palmeiras,GO
733,Mary Cunningham,Female,38,palmeiras,GO
734,Thomas Russell,Male,1,cruzeiro,DF
735,Julie Murphy,Female,13,palmeiras,DF
736,Anne Adams,Female,3,cruzeiro,SC
737,Catherine Clark,Female,22,palmeiras,SC
738,Harry Ellis,Male,68,cruzeiro,DF
739,Louise Moreno,Female,36,cruzeiro,MG
740,Scott Crawford,Male,92,cruzeiro,MG
741,Gregory Matthews,Male,93,palmeiras,MG
742,Clarence Olson,Male,38,cruzeiro,MG
743,Henry Griffin,Male,84,cruzeiro,GO
744,Jerry Matthews,Male,4,santos,SC
745,Gerald Simmons,Male,33,cruzeiro,DF
746,Katherine Morgan,Female,87,chapecoense,DF
747,Evelyn Greene,Female,77,palmeiras,MG
748,Billy Young,Male,94,chapecoense,SC
749,John Ward,Male,44,santos,SC
750,Helen Gilbert,Female,44,santos,SC
751,Walter Cunningham,Male,61,palmeiras,GO
752,Anthony George,Male,57,santos,GO
753,Patricia Webb,Female,65,palmeiras,SC
754,Joan Carr,Female,33,palmeiras,DF
755,Brandon Burns,Male,37,cruzeiro,GO
756,Alice Morris,Female,52,santos,MG
757,Tina Thomas,Female,81,chapecoense,DF
758,Anna Gordon,Female,91,cruzeiro,MG
759,Dennis Evans,Male,27,cruzeiro,GO
760,Lois Diaz,Female,25,santos,GO
761,Stephanie White,Female,2,santos,GO
762,Brandon Carroll,Male,27,palmeiras,SC
763,Ronald Peterson,Male,37,chapecoense,MG
764,Douglas Elliott,Male,58,santos,SC
765,Paul Knight,Male,81,palmeiras,GO
766,Sandra Carter,Female,31,santos,DF
767,Joshua Burke,Male,33,palmeiras,MG
768,Peter Duncan,Male,75,chapecoense,SC
769,Harold Johnson,Male,51,cruzeiro,MG
770,Jimmy Martinez,Male,96,santos,GO
771,Jeffrey Griffin,Male,88,cruzeiro,SC
772,Betty Nelson,Female,76,santos,DF
773,Stephanie Gilbert,Female,41,santos,MG
774,Carolyn Scott,Female,11,cruzeiro,DF
775,Annie Foster,Female,33,cruzeiro,GO
776,Rose Elliott,Female,57,chapecoense,GO
777,Michelle Graham,Female,70,palmeiras,SC
778,Barbara Chavez,Female,71,chapecoense,MG
779,Fred Harris,Male,64,palmeiras,SC
780,Barbara Sanders,Female,76,cruzeiro,SC
781,Phyllis Jordan,Female,19,cruzeiro,MG
782,Judith Griffin,Female,33,santos,DF
783,Diane Edwards,Female,34,palmeiras,SC
784,Shirley Watkins,Female,6,palmeiras,DF
785,Bobby Oliver,Male,54,cruzeiro,SC
786,Roger Freeman,Male,2,cruzeiro,DF
787,Johnny Fuller,Male,59,santos,SC
788,Andrew Ross,Male,5,santos,GO
789,Louise Hill,Female,38,chapecoense,MG
790,Brenda Wheeler,Female,35,santos,MG
791,Barbara Wood,Female,2,palmeiras,MG
792,Susan Chapman,Female,42,cruzeiro,DF
793,Anna Garcia,Female,23,santos,SC
794,Steve Hansen,Male,51,cruzeiro,SC
795,Eugene Price,Male,97,santos,DF
796,Thomas Hill,Male,31,chapecoense,GO
797,Victor Weaver,Male,58,palmeiras,SC
798,Joan Lynch,Female,34,chapecoense,MG
799,Deborah Matthews,Female,100,palmeiras,SC
800,Martin Collins,Male,2,palmeiras,MG
801,Roy Pierce,Male,97,chapecoense,SC
802,Dennis Hart,Male,94,chapecoense,GO
803,Alice Bennett,Female,61,cruzeiro,MG
804,Brandon Washington,Male,36,palmeiras,MG
805,Martha Porter,Female,11,santos,MG
806,Kelly Stone,Female,60,palmeiras,MG
807,Mark Mason,Male,21,santos,DF
808,Anthony Sanchez,Male,44,cruzeiro,SC
809,Robert Day,Male,72,santos,MG
810,Carl Brooks,Male,8,palmeiras,DF
811,Ashley Harrison,Female,61,chapecoense,MG
812,Thomas Armstrong,Male,19,cruzeiro,SC
813,Jacqueline Wilson,Female,50,santos,DF
814,Mark Welch,Male,68,chapecoense,GO
815,Bruce Perry,Male,67,chapecoense,GO
816,Robert Hernandez,Male,48,santos,GO
817,Joe Ford,Male,87,chapecoense,MG
818,Eugene Davis,Male,9,chapecoense,SC
819,Bobby Lynch,Male,3,chapecoense,DF
820,Jimmy Wells,Male,95,palmeiras,SC
821,Rose Ryan,Female,100,santos,SC
822,Edward Price,Male,24,chapecoense,GO
823,Bonnie Moreno,Female,48,santos,GO
824,Fred Sanders,Male,82,cruzeiro,SC
825,Rachel Edwards,Female,42,palmeiras,DF
826,Andrea Simpson,Female,40,santos,MG
827,Kathleen Campbell,Female,92,chapecoense,DF
828,Catherine Rose,Female,11,chapecoense,DF
829,Tina Wheeler,Female,73,chapecoense,SC
830,Brandon Stephens,Male,9,palmeiras,SC
831,Patricia Jackson,Female,69,santos,SC
832,Lois Jacobs,Female,86,santos,DF
833,Anthony Harrison,Male,63,santos,SC
834,Deborah Jenkins,Female,29,santos,SC
835,Frank Matthews,Male,98,santos,GO
836,Robert Arnold,Male,81,santos,MG
837,Peter Foster,Male,46,santos,GO
838,Denise Hawkins,Female,76,chapecoense,MG
839,Joshua Edwards,Male,48,chapecoense,MG
840,Frances Stewart,Female,27,palmeiras,MG
841,Teresa Perez,Female,86,cruzeiro,DF
842,Benjamin Torres,Male,90,cruzeiro,SC
843,Beverly Sims,Female,78,chapecoense,MG
844,Theresa Ferguson,Female,86,cruzeiro,MG
845,Janice Patterson,Female,48,palmeiras,SC
846,Earl Johnston,Male,71,palmeiras,DF
847,Jeffrey Gomez,Male,59,cruzeiro,GO
848,Richard Moore,Male,71,cruzeiro,MG
849,Harry Tucker,Male,51,palmeiras,MG
850,Joseph Stewart,Male,43,palmeiras,DF
851,Steven Williamson,Male,90,cruzeiro,DF
852,Jimmy Myers,Male,26,palmeiras,DF
853,Diana Romero,Female,89,santos,SC
854,Emily Garza,Female,34,santos,MG
855,Wayne Bowman,Male,4,chapecoense,MG
856,Earl Cooper,Male,63,palmeiras,GO
857,Ann Franklin,Female,27,santos,DF
858,Billy Gutierrez,Male,12,cruzeiro,SC
859,Dorothy Harvey,Female,75,chapecoense,GO
860,Donna Matthews,Female,40,chapecoense,SC
861,Stephen Chapman,Male,54,chapecoense,MG
862,Kathleen Reid,Female,81,palmeiras,GO
863,Wanda Warren,Female,62,palmeiras,SC
864,Albert Howard,Male,95,santos,DF
865,Christine Coleman,Female,31,cruzeiro,SC
866,Gregory Franklin,Male,81,chapecoense,GO
867,Howard Carter,Male,45,palmeiras,GO
868,Brenda Phillips,Female,85,santos,SC
869,Chris Lane,Male,1,palmeiras,GO
870,Alan Austin,Male,52,santos,GO
871,Jeremy Hawkins,Male,20,palmeiras,SC
872,Julie Clark,Female,44,chapecoense,DF
873,Christopher Harper,Male,15,palmeiras,MG
874,Denise Burns,Female,86,santos,MG
875,Henry Torres,Male,19,cruzeiro,SC
876,Ralph Howard,Male,35,palmeiras,MG
877,Kathleen Mccoy,Female,65,chapecoense,SC
878,Robin Vasquez,Female,26,santos,SC
879,Cheryl Martin,Female,27,chapecoense,MG
880,Mildred Simmons,Female,18,chapecoense,SC
881,Tammy Davis,Female,93,chapecoense,DF
882,Rebecca Gilbert,Female,100,palmeiras,MG
883,Aaron Wagner,Male,10,palmeiras,MG
884,Tina Stephens,Female,25,palmeiras,GO
885,Stephen Harrison,Male,52,chapecoense,GO
886,Judy Gomez,Female,52,palmeiras,MG
887,Brenda George,Female,92,santos,MG
888,Ashley Montgomery,Female,65,palmeiras,DF
889,Barbara Smith,Female,63,cruzeiro,MG
890,Jonathan Stewart,Male,95,santos,GO
891,Louise Thomas,Female,54,santos,MG
892,Jose Austin,Male,21,palmeiras,DF
893,Gloria Ford,Female,32,chapecoense,GO
894,Jason Campbell,Male,34,chapecoense,GO
895,Arthur Morrison,Male,56,cruzeiro,DF
896,Ruth Carter,Female,84,santos,DF
897,Rose Hunter,Female,46,palmeiras,GO
898,Sandra Ryan,Female,2,cruzeiro,MG
899,Wayne Chavez,Male,24,santos,MG
900,Michelle White,Female,30,santos,SC
901,Alice Bradley,Female,32,santos,MG
902,Pamela Tucker,Female,94,santos,GO
903,James Franklin,Male,70,chapecoense,SC
904,Eric Murray,Male,70,cruzeiro,GO
905,William Moreno,Male,7,chapecoense,MG
906,Julie Lynch,Female,50,palmeiras,SC
907,Chris Gonzales,Male,10,palmeiras,SC
908,Linda Lane,Female,54,santos,GO
909,David Little,Male,19,palmeiras,GO
910,Carol Morales,Female,80,santos,DF
911,Lori Richardson,Female,57,palmeiras,MG
912,Emily Wallace,Female,80,cruzeiro,DF
913,Louis Bowman,Male,100,santos,DF
914,Jennifer Kelly,Female,90,cruzeiro,GO
915,Martin Gordon,Male,67,palmeiras,SC
916,Ronald Henry,Male,33,santos,MG
917,Arthur King,Male,5,santos,SC
918,Susan Rogers,Female,6,cruzeiro,DF
919,Elizabeth Marshall,Female,37,chapecoense,MG
920,Amanda Day,Female,24,palmeiras,MG
921,Jerry Rogers,Male,31,chapecoense,GO
922,Joe Sanders,Male,93,cruzeiro,DF
923,Robin Hanson,Female,98,santos,DF
924,Jimmy Morgan,Male,88,chapecoense,MG
925,Denise Hunt,Female,10,santos,MG
926,Kenneth Murray,Male,79,santos,SC
927,Alice Wells,Female,4,palmeiras,GO
928,Sandra Reyes,Female,43,cruzeiro,GO
929,Aaron Richardson,Male,2,santos,MG
930,Lisa Burton,Female,40,chapecoense,MG
931,Billy Grant,Male,2,chapecoense,MG
932,Ruth Lewis,Female,19,palmeiras,GO
933,Brandon Carroll,Male,45,cruzeiro,SC
934,Kelly Garza,Female,3,chapecoense,GO
935,Katherine Foster,Female,4,santos,GO
936,John Graham,Male,97,palmeiras,GO
937,Joan Flores,Female,17,santos,GO
938,Carlos Williamson,Male,95,santos,GO
939,Lisa Evans,Female,27,chapecoense,SC
940,Amy Turner,Female,87,cruzeiro,GO
941,Joseph Morgan,Male,85,santos,GO
942,Michelle Stanley,Female,47,santos,DF
943,Robert Rodriguez,Male,77,chapecoense,GO
944,Sharon Warren,Female,33,palmeiras,DF
945,Keith Davis,Male,57,palmeiras,SC
946,Ruth Gomez,Female,31,palmeiras,GO
947,Rachel Tucker,Female,97,palmeiras,MG
948,Denise Weaver,Female,48,santos,SC
949,Ryan Berry,Male,50,chapecoense,DF
950,Louis Powell,Male,85,santos,GO
951,Nicole Simpson,Female,93,cruzeiro,MG
952,Martin Howard,Male,92,cruzeiro,SC
953,Sarah Fuller,Female,52,cruzeiro,GO
954,Helen Stone,Female,63,cruzeiro,DF
955,George Bell,Male,38,santos,DF
956,Terry Murray,Male,4,santos,MG
957,Julie Lawson,Female,62,santos,GO
958,Ann Roberts,Female,58,chapecoense,DF
959,Anna Green,Female,18,chapecoense,GO
960,Phyllis Hicks,Female,77,palmeiras,MG
961,Arthur Kelley,Male,56,santos,SC
962,Henry Smith,Male,14,palmeiras,GO
963,Gerald Thomas,Male,45,palmeiras,GO
964,Sean Day,Male,72,santos,GO
965,Sara Robertson,Female,4,palmeiras,MG
966,Kenneth Carroll,Male,28,cruzeiro,DF
967,Stephen Davis,Male,18,santos,GO
968,Tammy Bennett,Female,26,palmeiras,DF
969,Jacqueline Wheeler,Female,34,cruzeiro,GO
970,Emily Simmons,Female,61,palmeiras,SC
971,Patricia Palmer,Female,86,palmeiras,MG
972,Roy Gibson,Male,82,palmeiras,GO
973,Wanda Shaw,Female,48,santos,SC
974,Angela Rogers,Female,83,santos,DF
975,Antonio Lawrence,Male,2,palmeiras,GO
976,Scott Taylor,Male,1,santos,GO
977,Joyce Martin,Female,50,santos,SC
978,Judith Bradley,Female,90,palmeiras,GO
979,Stephanie Tucker,Female,31,cruzeiro,GO
980,Gary Watkins,Male,96,chapecoense,MG
981,Daniel Taylor,Male,19,santos,MG
982,Lori Burns,Female,32,santos,MG
983,Bruce Crawford,Male,84,santos,GO
984,Ralph Black,Male,26,santos,DF
985,Christine Ryan,Female,58,chapecoense,GO
986,Jessica Morales,Female,18,palmeiras,GO
987,Louise Hart,Female,32,santos,GO
988,Justin Grant,Male,75,palmeiras,SC
989,Chris Hanson,Male,66,cruzeiro,GO
990,Bruce Barnes,Male,30,palmeiras,SC
991,Daniel Ward,Male,2,chapecoense,GO
992,Tina Hudson,Female,14,chapecoense,MG
993,Wayne Coleman,Male,18,palmeiras,GO
994,Phillip Allen,Male,88,cruzeiro,DF
995,Gloria Gilbert,Female,3,santos,SC
996,Justin Bailey,Male,88,santos,MG
997,Louise Turner,Female,10,palmeiras,MG
998,Denise Montgomery,Female,86,chapecoense,MG
999,Larry Morgan,Male,70,chapecoense,MG
1000,Steve Sanchez,Male,15,cruzeiro,DF
